,Company_Name,Contact_url,Contact details
0,Alaskomega,https://alaskomega.com/contact/,"CONTACT INFORMATION
US Headquarters
Phone: 1-740-622-0755
Fax: 1-740-622-3231
Email: sales@alaskomega.com
PO Box 640
656 Walnut Street
Coshocton, OH 43812 USA
Europe
AlaskOmega AG
Alte Steinhauserstrasse 1
CH-6330 Cham, Switzerland
Phone: + 41 44 711 9083
Email: sales@alaskomega.com
 EXCLUSIVE REPRESENTATION
India
Raj Nakra Associates
505, Millenium Plaza,
Tower B, Sector – 27,
Gurgaon – 122 002,
Haryana, India
Phone:+91 (124) 498 9898
Fax:+91 (124) 408 3080
E-mail:info@rajnakraassociates.com
Republic of Korea
Baeck Jung International
#201 (Sein Bldg. Seocho-dong) 63-5 Nambusunhwan-Ro
337 Ga-Gil, Seocho-Gu
Seoul, 137-865, Korea
Phone: +82-2-521-3282
Fax:+82-2-521-3404
E-mail: alexlee@baeckjung.com"
1,Advancedenzymes,https://www.advancedenzymes.com/contact-us/,"5th Floor, 'A' wing, Sun Magnetica LIC Service Road, Louiswadi, Thane (W) 400 604, India
+91-22-4170 3200
+ 91-22-25835159
info@advancedenzymes.com"
