,Exhibitor Name,Contact Info
0,http://www.alaskomega.com/contact,"Contact - AlaskOmegaimg.wp-smiley,img.emoji{display:inline!important;border:none!important;box-shadow:none!important;height:1em!important;width:1em!important;margin:0 .07em!important;vertical-align:-0.1em!important;background:none!important;padding:0!important}       (function(i,s,o,g,r,a,m){i['GoogleAnalyticsObject']=r;i[r]=i[r]||function(){
		(i[r].q=i[r].q||[]).push(arguments)},i[r].l=1*new Date();a=s.createElement(o),
		m=s.getElementsByTagName(o)[0];a.async=1;a.src=g;m.parentNode.insertBefore(a,m)
		})(window,document,'script','//www.google-analytics.com/analytics.js','ga');
		
		ga('create', 'UA-76315042-1', 'auto');
		ga('send', 'pageview'); body a{color:#026a94}#header-outer:not([data-lhe=""animated_underline""]) header#top nav>ul>li>a:hover,#header-outer:not([data-lhe=""animated_underline""]) header#top nav .sf-menu>li.sfHover>a,header#top nav>ul>li.button_bordered>a:hover,#header-outer:not([data-lhe=""animated_underline""]) header#top nav .sf-menu li.current-menu-item>a,header#top nav .sf-menu li.current_page_item>a .sf-sub-indicator i,header#top nav .sf-menu li.current_page_ancestor>a .sf-sub-indicator i,#header-outer:not([data-lhe=""animated_underline""]) header#top nav .sf-menu li.current_page_ancestor>a,#header-outer:not([data-lhe=""animated_underline""]) header#top nav .sf-menu li.current-menu-ancestor>a,#header-outer:not([data-lhe=""animated_underline""]) header#top nav .sf-menu li.current_page_item>a,body header#top nav .sf-menu li.current_page_item>a .sf-sub-indicator [class^=""icon-""],header#top nav .sf-menu li.current_page_ancestor>a .sf-sub-indicator [class^=""icon-""],.sf-menu li ul li.sfHover>a .sf-sub-indicator [class^=""icon-""],ul.sf-menu>li>a:hover>.sf-sub-indicator i,ul.sf-menu>li>a:active>.sf-sub-indicator i,ul.sf-menu>li.sfHover>a>.sf-sub-indicator i,.sf-menu ul li.current_page_item>a,.sf-menu ul li.current-menu-ancestor>a,.sf-menu ul li.current_page_ancestor>a,.sf-menu ul a:focus,.sf-menu ul a:hover,.sf-menu ul a:active,.sf-menu ul li:hover>a,.sf-menu ul li.sfHover>a,.sf-menu li ul li a:hover,.sf-menu li ul li.sfHover>a,#footer-outer a:hover,.recent-posts .post-header a:hover,article.post .post-header a:hover,article.result a:hover,article.post .post-header h2 a,.single article.post .post-meta a:hover,.comment-list .comment-meta a:hover,label span,.wpcf7-form p span,.icon-3x[class^=""icon-""],.icon-3x[class*="" icon-""],.icon-tiny[class^=""icon-""],body .circle-border,article.result .title a,.home .blog-recent .col .post-header a:hover,.home .blog-recent .col .post-header h3 a,#single-below-header a:hover,header#top #logo:hover,.sf-menu>li.current_page_ancestor>a>.sf-sub-indicator [class^=""icon-""],.sf-menu>li.current-menu-ancestor>a>.sf-sub-indicator [class^=""icon-""],body #mobile-menu li.open>a [class^=""icon-""],.pricing-column h3,.pricing-table[data-style=""flat-alternative""] .pricing-column.accent-color h4,.pricing-table[data-style=""flat-alternative""] .pricing-column.accent-color .interval,.comment-author a:hover,.project-attrs li i,#footer-outer #copyright li a i:hover,.col:hover>[class^=""icon-""].icon-3x.accent-color.alt-style.hovered,.col:hover>[class*="" icon-""].icon-3x.accent-color.alt-style.hovered,#header-outer .widget_shopping_cart .cart_list a,.woocommerce .star-rating,.woocommerce-page table.cart a.remove,.woocommerce form .form-row .required,.woocommerce-page form .form-row .required,body #header-secondary-outer #social a:hover i,.woocommerce ul.products li.product .price,body .twitter-share:hover i,.twitter-share.hovered i,body .linkedin-share:hover i,.linkedin-share.hovered i,body .google-plus-share:hover i,.google-plus-share.hovered i,.pinterest-share:hover i,.pinterest-share.hovered i,.facebook-share:hover i,.facebook-share.hovered i,.woocommerce-page ul.products li.product .price,.nectar-milestone .number.accent-color,header#top nav>ul>li.megamenu>ul>li>a:hover,header#top nav>ul>li.megamenu>ul>li.sfHover>a,body #portfolio-nav a:hover i,span.accent-color,.nectar-love:hover i,.nectar-love.loved i,.portfolio-items .nectar-love:hover i,.portfolio-items .nectar-love.loved i,body .hovered .nectar-love i,header#top nav ul #search-btn a:hover span,header#top nav ul .slide-out-widget-area-toggle a:hover span,#search-outer #search #close a span:hover,.carousel-wrap[data-full-width=""true""] .carousel-heading a:hover i,#search-outer .ui-widget-content li:hover a .title,#search-outer .ui-widget-content .ui-state-hover .title,#search-outer .ui-widget-content .ui-state-focus .title,.portfolio-filters-inline .container ul li a.active,body [class^=""icon-""].icon-default-style,.svg-icon-holder[data-color=""accent-color""],.team-member a.accent-color:hover,.ascend .comment-list .reply a,.wpcf7-form .wpcf7-not-valid-tip,.text_on_hover.product .add_to_cart_button,.blog-recent[data-style=""minimal""] .col>span,.blog-recent[data-style=""title_only""] .col:hover .post-header .title,.woocommerce-checkout-review-order-table .product-info .amount,.tabbed[data-style=""minimal""]>ul li a.active-tab,.masonry.classic_enhanced article.post .post-meta a:hover i,.masonry.classic_enhanced article.post .post-meta .icon-salient-heart-2.loved,.single #single-meta ul li:not(.meta-share-count):hover i,.single #single-meta ul li:not(.meta-share-count):hover a,.single #single-meta ul li:not(.meta-share-count):hover span,.single #single-meta ul li.meta-share-count .nectar-social a:hover i,#project-meta #single-meta ul li>a,#project-meta ul li.meta-share-count .nectar-social a:hover i,#project-meta ul li:not(.meta-share-count):hover i,#project-meta ul li:not(.meta-share-count):hover span{color:#026a94!important}.col:not(#post-area):not(.span_12):not(#sidebar):hover [class^=""icon-""].icon-3x.accent-color.alt-style.hovered,body .col:not(#post-area):not(.span_12):not(#sidebar):hover a [class*="" icon-""].icon-3x.accent-color.alt-style.hovered,.ascend #header-outer:not(.transparent) .cart-outer:hover .cart-menu-wrap:not(.has_products) .icon-salient-cart{color:#026a94!important}.orbit-wrapper div.slider-nav span.right,.orbit-wrapper div.slider-nav span.left,.flex-direction-nav a,.jp-play-bar,.jp-volume-bar-value,.jcarousel-prev:hover,.jcarousel-next:hover,.portfolio-items .col[data-default-color=""true""] .work-item:not(.style-3) .work-info-bg,.portfolio-items .col[data-default-color=""true""] .bottom-meta,.portfolio-filters a,.portfolio-filters #sort-portfolio,.project-attrs li span,.progress li span,.nectar-progress-bar span,#footer-outer #footer-widgets .col .tagcloud a:hover,#sidebar .widget .tagcloud a:hover,article.post .more-link span:hover,article.post.quote .post-content .quote-inner,article.post.link .post-content .link-inner,#pagination .next a:hover,#pagination .prev a:hover,.comment-list .reply a:hover,input[type=submit]:hover,input[type=""button""]:hover,#footer-outer #copyright li a.vimeo:hover,#footer-outer #copyright li a.behance:hover,.toggle.open h3 a,.tabbed>ul li a.active-tab,[class*="" icon-""],.icon-normal,.bar_graph li span,.nectar-button[data-color-override=""false""].regular-button,.nectar-button.tilt.accent-color,body .swiper-slide .button.transparent_2 a.primary-color:hover,#footer-outer #footer-widgets .col input[type=""submit""],.carousel-prev:hover,.carousel-next:hover,.blog-recent .more-link span:hover,.post-tags a:hover,.pricing-column.highlight h3,.pricing-table[data-style=""flat-alternative""] .pricing-column.highlight h3 .highlight-reason,.pricing-table[data-style=""flat-alternative""] .pricing-column.accent-color:before,#to-top:hover,#to-top.dark:hover,body[data-button-style=""rounded""] #to-top:after,#pagination a.page-numbers:hover,#pagination span.page-numbers.current,.single-portfolio .facebook-share a:hover,.single-portfolio .twitter-share a:hover,.single-portfolio .pinterest-share a:hover,.single-post .facebook-share a:hover,.single-post .twitter-share a:hover,.single-post .pinterest-share a:hover,.mejs-controls .mejs-time-rail .mejs-time-current,.mejs-controls .mejs-volume-button .mejs-volume-slider .mejs-volume-current,.mejs-controls .mejs-horizontal-volume-slider .mejs-horizontal-volume-current,article.post.quote .post-content .quote-inner,article.post.link .post-content .link-inner,article.format-status .post-content .status-inner,article.post.format-aside .aside-inner,body #header-secondary-outer #social li a.behance:hover,body #header-secondary-outer #social li a.vimeo:hover,#sidebar .widget:hover [class^=""icon-""].icon-3x,.woocommerce-page div[data-project-style=""text_on_hover""] .single_add_to_cart_button,article.post.quote .content-inner .quote-inner .whole-link,.masonry.classic_enhanced article.post.quote.wide_tall .post-content a:hover .quote-inner,.masonry.classic_enhanced article.post.link.wide_tall .post-content a:hover .link-inner,.iosSlider .prev_slide:hover,.iosSlider .next_slide:hover,body [class^=""icon-""].icon-3x.alt-style.accent-color,body [class*="" icon-""].icon-3x.alt-style.accent-color,#slide-out-widget-area,#slide-out-widget-area-bg.fullscreen,#header-outer .widget_shopping_cart a.button,body[data-button-style=""rounded""] .wpb_wrapper .twitter-share:before,body[data-button-style=""rounded""] .wpb_wrapper .twitter-share.hovered:before,body[data-button-style=""rounded""] .wpb_wrapper .facebook-share:before,body[data-button-style=""rounded""] .wpb_wrapper .facebook-share.hovered:before,body[data-button-style=""rounded""] .wpb_wrapper .google-plus-share:before,body[data-button-style=""rounded""] .wpb_wrapper .google-plus-share.hovered:before,body[data-button-style=""rounded""] .wpb_wrapper .nectar-social:hover>*:before,body[data-button-style=""rounded""] .wpb_wrapper .pinterest-share:before,body[data-button-style=""rounded""] .wpb_wrapper .pinterest-share.hovered:before,body[data-button-style=""rounded""] .wpb_wrapper .linkedin-share:before,body[data-button-style=""rounded""] .wpb_wrapper .linkedin-share.hovered:before,#header-outer a.cart-contents .cart-wrap span,.swiper-slide .button.solid_color a,.swiper-slide .button.solid_color_2 a,.portfolio-filters,button[type=submit]:hover,#buddypress button:hover,#buddypress a.button:hover,#buddypress ul.button-nav li.current a,header#top nav ul .slide-out-widget-area-toggle a:hover i.lines,header#top nav ul .slide-out-widget-area-toggle a:hover i.lines:after,header#top nav ul .slide-out-widget-area-toggle a:hover i.lines:before,#buddypress a.button:focus,.text_on_hover.product a.added_to_cart,.woocommerce div.product .woocommerce-tabs .full-width-content ul.tabs li a:after,.woocommerce div[data-project-style=""text_on_hover""] .cart .quantity input.minus,.woocommerce div[data-project-style=""text_on_hover""] .cart .quantity input.plus,.woocommerce .span_4 input[type=""submit""].checkout-button,.portfolio-filters-inline[data-color-scheme=""accent-color""],body[data-fancy-form-rcs=""1""] [type=""radio""]:checked + label:after,.select2-container .select2-choice:hover,.select2-dropdown-open .select2-choice,header#top nav>ul>li.button_solid_color>a:before,#header-outer.transparent header#top nav>ul>li.button_solid_color>a:before,.tabbed[data-style=""minimal""]>ul li a:after,.twentytwenty-handle,.twentytwenty-horizontal .twentytwenty-handle:before,.twentytwenty-horizontal .twentytwenty-handle:after,.twentytwenty-vertical .twentytwenty-handle:before,.twentytwenty-vertical .twentytwenty-handle:after,.masonry.classic_enhanced .posts-container article .meta-category a:hover,.masonry.classic_enhanced .posts-container article .video-play-button,.bottom_controls #portfolio-nav .controls li a i:after,.bottom_controls #portfolio-nav ul:first-child li#all-items a:hover i,.nectar_video_lightbox.nectar-button[data-color=""default-accent-color""],.nectar_video_lightbox.nectar-button[data-color=""transparent-accent-color""]:hover,.testimonial_slider[data-style=""multiple_visible""][data-color*=""accent-color""] .flickity-page-dots .dot.is-selected:before,.testimonial_slider[data-style=""multiple_visible""][data-color*=""accent-color""] blockquote.is-selected p,.nectar-recent-posts-slider .container .strong span:before,#page-header-bg[data-post-hs=""default_minimal""] .inner-wrap>a:hover,.single .heading-title[data-header-style=""default_minimal""] .meta-category a:hover,body.single-post .sharing-default-minimal .nectar-love.loved,.nectar-fancy-box:after{background-color:#026a94!important}.col:hover>[class^=""icon-""].icon-3x:not(.alt-style).accent-color.hovered,.col:hover>[class*="" icon-""].icon-3x:not(.alt-style).accent-color.hovered,body .nectar-button.see-through-2[data-hover-color-override=""false""]:hover,.col:not(#post-area):not(.span_12):not(#sidebar):hover [class^=""icon-""].icon-3x:not(.alt-style).accent-color.hovered,.col:not(#post-area):not(.span_12):not(#sidebar):hover a [class*="" icon-""].icon-3x:not(.alt-style).accent-color.hovered{background-color:#026a94!important}.bottom_controls #portfolio-nav ul:first-child li#all-items a:hover i{box-shadow:-.6em 0 #026a94,-.6em .6em #026a94,.6em 0 #026a94,.6em -.6em #026a94,0 -.6em #026a94,-.6em -.6em #026a94,0 .6em #026a94,.6em .6em #026a94}.tabbed>ul li a.active-tab,body[data-form-style=""minimal""] label:after,body .recent_projects_widget a:hover img,.recent_projects_widget a:hover img,#sidebar #flickr a:hover img,body .nectar-button.see-through-2[data-hover-color-override=""false""]:hover,#footer-outer #flickr a:hover img,body[data-button-style=""rounded""] .wpb_wrapper .twitter-share:before,body[data-button-style=""rounded""] .wpb_wrapper .twitter-share.hovered:before,body[data-button-style=""rounded""] .wpb_wrapper .facebook-share:before,body[data-button-style=""rounded""] .wpb_wrapper .facebook-share.hovered:before,body[data-button-style=""rounded""] .wpb_wrapper .google-plus-share:before,body[data-button-style=""rounded""] .wpb_wrapper .google-plus-share.hovered:before,body[data-button-style=""rounded""] .wpb_wrapper .nectar-social:hover>*:before,body[data-button-style=""rounded""] .wpb_wrapper .pinterest-share:before,body[data-button-style=""rounded""] .wpb_wrapper .pinterest-share.hovered:before,body[data-button-style=""rounded""] .wpb_wrapper .linkedin-share:before,body[data-button-style=""rounded""] .wpb_wrapper .linkedin-share.hovered:before,#featured article .post-title a:hover,#header-outer[data-lhe=""animated_underline""] header#top nav>ul>li>a:after,body #featured article .post-title a:hover,div.wpcf7-validation-errors,body[data-fancy-form-rcs=""1""] [type=""radio""]:checked + label:before,body[data-fancy-form-rcs=""1""] [type=""radio""]:checked + label:after,body[data-fancy-form-rcs=""1""] input[type=""checkbox""]:checked + label>span,.select2-container .select2-choice:hover,.select2-dropdown-open .select2-choice,#header-outer:not(.transparent) header#top nav>ul>li.button_bordered>a:hover:before,.single #single-meta ul li:not(.meta-share-count):hover a,.single #project-meta ul li:not(.meta-share-count):hover a{border-color:#026a94!important}.default-loading-icon:before{border-top-color:#026a94!important}#header-outer a.cart-contents span:before{border-color:transparent #026a94!important}body .col:not(#post-area):not(.span_12):not(#sidebar):hover .hovered .circle-border,body #sidebar .widget:hover .circle-border,body .testimonial_slider[data-style=""multiple_visible""][data-color*=""accent-color""] blockquote .bottom-arrow:after,body .dark .testimonial_slider[data-style=""multiple_visible""][data-color*=""accent-color""] blockquote .bottom-arrow:after,.portfolio-items[data-ps=""6""] .bg-overlay,.portfolio-items[data-ps=""6""].no-masonry .bg-overlay{border-color:#026a94}.gallery a:hover img{border-color:#026a94!important}@media only screen and (min-width :1px) and (max-width :1000px){body #featured article .post-title>a{background-color:#026a94}body #featured article .post-title>a{border-color:#026a94}}.nectar-button.regular-button.extra-color-1,.nectar-button.tilt.extra-color-1{background-color:#fcb032!important}.icon-3x[class^=""icon-""].extra-color-1:not(.alt-style),.icon-tiny[class^=""icon-""].extra-color-1,.icon-3x[class*="" icon-""].extra-color-1:not(.alt-style),body .icon-3x[class*="" icon-""].extra-color-1:not(.alt-style) .circle-border,.woocommerce-page table.cart a.remove,#header-outer .widget_shopping_cart .cart_list li a.remove,#header-outer .woocommerce.widget_shopping_cart .cart_list li a.remove,.nectar-milestone .number.extra-color-1,span.extra-color-1,.team-member ul.social.extra-color-1 li a,.stock.out-of-stock,body [class^=""icon-""].icon-default-style.extra-color-1,.team-member a.extra-color-1:hover,.pricing-table[data-style=""flat-alternative""] .pricing-column.highlight.extra-color-1 h3,.pricing-table[data-style=""flat-alternative""] .pricing-column.extra-color-1 h4,.pricing-table[data-style=""flat-alternative""] .pricing-column.extra-color-1 .interval,.svg-icon-holder[data-color=""extra-color-1""]{color:#fcb032!important}.col:hover>[class^=""icon-""].icon-3x.extra-color-1:not(.alt-style),.col:hover>[class*="" icon-""].icon-3x.extra-color-1:not(.alt-style).hovered,body .swiper-slide .button.transparent_2 a.extra-color-1:hover,body .col:not(#post-area):not(.span_12):not(#sidebar):hover [class^=""icon-""].icon-3x.extra-color-1:not(.alt-style).hovered,body .col:not(#post-area):not(#sidebar):not(.span_12):hover a [class*="" icon-""].icon-3x.extra-color-1:not(.alt-style).hovered,#sidebar .widget:hover [class^=""icon-""].icon-3x.extra-color-1:not(.alt-style),.portfolio-filters-inline[data-color-scheme=""extra-color-1""],.pricing-table[data-style=""flat-alternative""] .pricing-column.extra-color-1:before,.pricing-table[data-style=""flat-alternative""] .pricing-column.highlight.extra-color-1 h3 .highlight-reason,.nectar-button.nectar_video_lightbox[data-color=""default-extra-color-1""],.nectar_video_lightbox.nectar-button[data-color=""transparent-extra-color-1""]:hover,.testimonial_slider[data-style=""multiple_visible""][data-color*=""extra-color-1""] .flickity-page-dots .dot.is-selected:before,.testimonial_slider[data-style=""multiple_visible""][data-color*=""extra-color-1""] blockquote.is-selected p,.nectar-fancy-box[data-color=""extra-color-1""]:after{background-color:#fcb032!important}body [class^=""icon-""].icon-3x.alt-style.extra-color-1,body [class*="" icon-""].icon-3x.alt-style.extra-color-1,[class*="" icon-""].extra-color-1.icon-normal,.extra-color-1.icon-normal,.bar_graph li span.extra-color-1,.nectar-progress-bar span.extra-color-1,#header-outer .widget_shopping_cart a.button,.woocommerce ul.products li.product .onsale,.woocommerce-page ul.products li.product .onsale,.woocommerce span.onsale,.woocommerce-page span.onsale,.woocommerce-page table.cart a.remove:hover,.swiper-slide .button.solid_color a.extra-color-1,.swiper-slide .button.solid_color_2 a.extra-color-1,.toggle.open.extra-color-1 h3 a{background-color:#fcb032!important}.col:hover>[class^=""icon-""].icon-3x.extra-color-1.alt-style.hovered,.col:hover>[class*="" icon-""].icon-3x.extra-color-1.alt-style.hovered,.no-highlight.extra-color-1 h3,.col:not(#post-area):not(.span_12):not(#sidebar):hover [class^=""icon-""].icon-3x.extra-color-1.alt-style.hovered,body .col:not(#post-area):not(.span_12):not(#sidebar):hover a [class*="" icon-""].icon-3x.extra-color-1.alt-style.hovered{color:#fcb032!important}body .col:not(#post-area):not(.span_12):not(#sidebar):hover .extra-color-1.hovered .circle-border,.woocommerce-page table.cart a.remove,#header-outer .woocommerce.widget_shopping_cart .cart_list li a.remove,#header-outer .woocommerce.widget_shopping_cart .cart_list li a.remove,body #sidebar .widget:hover .extra-color-1 .circle-border,.woocommerce-page table.cart a.remove,body .testimonial_slider[data-style=""multiple_visible""][data-color*=""extra-color-1""] blockquote .bottom-arrow:after,body .dark .testimonial_slider[data-style=""multiple_visible""][data-color*=""extra-color-1""] blockquote .bottom-arrow:after{border-color:#fcb032}.pricing-column.highlight.extra-color-1 h3{background-color:#fcb032!important}.nectar-button.regular-button.extra-color-2,.nectar-button.tilt.extra-color-2{background-color:#ffffff!important}.icon-3x[class^=""icon-""].extra-color-2:not(.alt-style),.icon-3x[class*="" icon-""].extra-color-2:not(.alt-style),.icon-tiny[class^=""icon-""].extra-color-2,body .icon-3x[class*="" icon-""].extra-color-2 .circle-border,.nectar-milestone .number.extra-color-2,span.extra-color-2,.team-member ul.social.extra-color-2 li a,body [class^=""icon-""].icon-default-style.extra-color-2,.team-member a.extra-color-2:hover,.pricing-table[data-style=""flat-alternative""] .pricing-column.highlight.extra-color-2 h3,.pricing-table[data-style=""flat-alternative""] .pricing-column.extra-color-2 h4,.pricing-table[data-style=""flat-alternative""] .pricing-column.extra-color-2 .interval,.svg-icon-holder[data-color=""extra-color-2""]{color:#ffffff!important}.col:hover>[class^=""icon-""].icon-3x.extra-color-2:not(.alt-style).hovered,.col:hover>[class*="" icon-""].icon-3x.extra-color-2:not(.alt-style).hovered,body .swiper-slide .button.transparent_2 a.extra-color-2:hover,.col:not(#post-area):not(.span_12):not(#sidebar):hover [class^=""icon-""].icon-3x.extra-color-2:not(.alt-style).hovered,.col:not(#post-area):not(.span_12):not(#sidebar):hover a [class*="" icon-""].icon-3x.extra-color-2:not(.alt-style).hovered,#sidebar .widget:hover [class^=""icon-""].icon-3x.extra-color-2:not(.alt-style),.pricing-table[data-style=""flat-alternative""] .pricing-column.highlight.extra-color-2 h3 .highlight-reason,.nectar-button.nectar_video_lightbox[data-color=""default-extra-color-2""],.nectar_video_lightbox.nectar-button[data-color=""transparent-extra-color-2""]:hover,.testimonial_slider[data-style=""multiple_visible""][data-color*=""extra-color-2""] .flickity-page-dots .dot.is-selected:before,.testimonial_slider[data-style=""multiple_visible""][data-color*=""extra-color-2""] blockquote.is-selected p,.nectar-fancy-box[data-color=""extra-color-2""]:after{background-color:#ffffff!important}body [class^=""icon-""].icon-3x.alt-style.extra-color-2,body [class*="" icon-""].icon-3x.alt-style.extra-color-2,[class*="" icon-""].extra-color-2.icon-normal,.extra-color-2.icon-normal,.bar_graph li span.extra-color-2,.nectar-progress-bar span.extra-color-2,.woocommerce .product-wrap .add_to_cart_button.added,.woocommerce-message,.woocommerce-error,.woocommerce-info,.woocommerce .widget_price_filter .ui-slider .ui-slider-range,.woocommerce-page .widget_price_filter .ui-slider .ui-slider-range,.swiper-slide .button.solid_color a.extra-color-2,.swiper-slide .button.solid_color_2 a.extra-color-2,.toggle.open.extra-color-2 h3 a,.portfolio-filters-inline[data-color-scheme=""extra-color-2""],.pricing-table[data-style=""flat-alternative""] .pricing-column.extra-color-2:before{background-color:#ffffff!important}.col:hover>[class^=""icon-""].icon-3x.extra-color-2.alt-style.hovered,.col:hover>[class*="" icon-""].icon-3x.extra-color-2.alt-style.hovered,.no-highlight.extra-color-2 h3,.col:not(#post-area):not(.span_12):not(#sidebar):hover [class^=""icon-""].icon-3x.extra-color-2.alt-style.hovered,body .col:not(#post-area):not(.span_12):not(#sidebar):hover a [class*="" icon-""].icon-3x.extra-color-2.alt-style.hovered{color:#ffffff!important}body .col:not(#post-area):not(.span_12):not(#sidebar):hover .extra-color-2.hovered .circle-border,body #sidebar .widget:hover .extra-color-2 .circle-border,body .testimonial_slider[data-style=""multiple_visible""][data-color*=""extra-color-2""] blockquote .bottom-arrow:after,body .dark .testimonial_slider[data-style=""multiple_visible""][data-color*=""extra-color-2""] blockquote .bottom-arrow:after{border-color:#fff}.pricing-column.highlight.extra-color-2 h3{background-color:#ffffff!important}.nectar-button.regular-button.extra-color-3,.nectar-button.tilt.extra-color-3{background-color:#fcb032!important}.icon-3x[class^=""icon-""].extra-color-3:not(.alt-style),.icon-3x[class*="" icon-""].extra-color-3:not(.alt-style),.icon-tiny[class^=""icon-""].extra-color-3,body .icon-3x[class*="" icon-""].extra-color-3 .circle-border,.nectar-milestone .number.extra-color-3,span.extra-color-3,.team-member ul.social.extra-color-3 li a,body [class^=""icon-""].icon-default-style.extra-color-3,.team-member a.extra-color-3:hover,.pricing-table[data-style=""flat-alternative""] .pricing-column.highlight.extra-color-3 h3,.pricing-table[data-style=""flat-alternative""] .pricing-column.extra-color-3 h4,.pricing-table[data-style=""flat-alternative""] .pricing-column.extra-color-3 .interval,.svg-icon-holder[data-color=""extra-color-3""]{color:#fcb032!important}.col:hover>[class^=""icon-""].icon-3x.extra-color-3:not(.alt-style).hovered,.col:hover>[class*="" icon-""].icon-3x.extra-color-3:not(.alt-style).hovered,body .swiper-slide .button.transparent_2 a.extra-color-3:hover,.col:not(#post-area):not(.span_12):not(#sidebar):hover [class^=""icon-""].icon-3x.extra-color-3:not(.alt-style).hovered,.col:not(#post-area):not(.span_12):not(#sidebar):hover a [class*="" icon-""].icon-3x.extra-color-3:not(.alt-style).hovered,#sidebar .widget:hover [class^=""icon-""].icon-3x.extra-color-3:not(.alt-style),.portfolio-filters-inline[data-color-scheme=""extra-color-3""],.pricing-table[data-style=""flat-alternative""] .pricing-column.extra-color-3:before,.pricing-table[data-style=""flat-alternative""] .pricing-column.highlight.extra-color-3 h3 .highlight-reason,.nectar-button.nectar_video_lightbox[data-color=""default-extra-color-3""],.nectar_video_lightbox.nectar-button[data-color=""transparent-extra-color-3""]:hover,.testimonial_slider[data-style=""multiple_visible""][data-color*=""extra-color-3""] .flickity-page-dots .dot.is-selected:before,.testimonial_slider[data-style=""multiple_visible""][data-color*=""extra-color-3""] blockquote.is-selected p,.nectar-fancy-box[data-color=""extra-color-3""]:after{background-color:#fcb032!important}body [class^=""icon-""].icon-3x.alt-style.extra-color-3,body [class*="" icon-""].icon-3x.alt-style.extra-color-3,.extra-color-3.icon-normal,[class*="" icon-""].extra-color-3.icon-normal,.bar_graph li span.extra-color-3,.nectar-progress-bar span.extra-color-3,.swiper-slide .button.solid_color a.extra-color-3,.swiper-slide .button.solid_color_2 a.extra-color-3,.toggle.open.extra-color-3 h3 a{background-color:#fcb032!important}.col:hover>[class^=""icon-""].icon-3x.extra-color-3.alt-style.hovered,.col:hover>[class*="" icon-""].icon-3x.extra-color-3.alt-style.hovered,.no-highlight.extra-color-3 h3,.col:not(#post-area):not(.span_12):not(#sidebar):hover [class^=""icon-""].icon-3x.extra-color-3.alt-style.hovered,body .col:not(#post-area):not(.span_12):not(#sidebar):hover a [class*="" icon-""].icon-3x.extra-color-3.alt-style.hovered{color:#fcb032!important}body .col:not(#post-area):not(.span_12):not(#sidebar):hover .extra-color-3.hovered .circle-border,body #sidebar .widget:hover .extra-color-3 .circle-border,body .testimonial_slider[data-style=""multiple_visible""][data-color*=""extra-color-3""] blockquote .bottom-arrow:after,body .dark .testimonial_slider[data-style=""multiple_visible""][data-color*=""extra-color-3""] blockquote .bottom-arrow:after{border-color:#fcb032}.pricing-column.highlight.extra-color-3 h3{background-color:#fcb032!important}body #header-outer,body #search-outer{background-color:#fff}body #header-outer,body[data-header-color=""dark""] #header-outer{background-color:rgba(255,255,255,100)}header#top nav>ul>li>a,header#top #logo,header#top .span_9>.slide-out-widget-area-toggle i,.sf-sub-indicator [class^=""icon-""],body[data-header-color=""custom""].ascend #boxed #header-outer .cart-menu .cart-icon-wrap i,body.ascend #boxed #header-outer .cart-menu .cart-icon-wrap i,.sf-sub-indicator [class*="" icon-""],header#top nav ul #search-btn a span,header#top #toggle-nav i,header#top #toggle-nav i,header#top #mobile-cart-link i,#header-outer .cart-menu .cart-icon-wrap .icon-salient-cart,#search-outer #search input[type=""text""],#search-outer #search #close a span{color:#077fa1!important}header#top nav ul .slide-out-widget-area-toggle a i.lines,header#top nav ul .slide-out-widget-area-toggle a i.lines:after,header#top nav ul .slide-out-widget-area-toggle a i.lines:before{background-color:#077fa1!important}header#top nav>ul>li.button_bordered>a:before{border-color:#077fa1}#header-outer:not([data-lhe=""animated_underline""]) header#top nav>ul>li>a:hover,#header-outer:not([data-lhe=""animated_underline""]) header#top nav .sf-menu>li.sfHover>a,body #header-outer:not([data-lhe=""animated_underline""]) header#top nav>ul>li>a:hover,header#top #logo:hover,.ascend #header-outer:not(.transparent) .cart-outer:hover .cart-menu-wrap:not(.has_products) .icon-salient-cart,body #header-outer:not([data-lhe=""animated_underline""]) header#top nav .sf-menu>li.sfHover>a,body #header-outer:not([data-lhe=""animated_underline""]) header#top nav .sf-menu>li.current-menu-item>a,body #header-outer:not([data-lhe=""animated_underline""]) header#top nav .sf-menu>li.current_page_item>a .sf-sub-indicator i,body header#top nav .sf-menu>li.current_page_ancestor>a .sf-sub-indicator i,body #header-outer:not([data-lhe=""animated_underline""]) header#top nav .sf-menu>li.sfHover>a,body #header-outer:not([data-lhe=""animated_underline""]) header#top nav .sf-menu>li.current_page_ancestor>a,body #header-outer:not([data-lhe=""animated_underline""]) header#top nav .sf-menu>li.current-menu-ancestor>a,body #header-outer:not([data-lhe=""animated_underline""]) header#top nav .sf-menu>li.current-menu-ancestor>a i,body #header-outer:not([data-lhe=""animated_underline""]) header#top nav .sf-menu>li.current_page_item>a,body header#top nav .sf-menu>li.current_page_item>a .sf-sub-indicator [class^=""icon-""],body header#top nav .sf-menu>li.current_page_ancestor>a .sf-sub-indicator [class^=""icon-""],body #header-outer:not([data-lhe=""animated_underline""]) header#top nav .sf-menu>li.current-menu-ancestor>a,body .sf-menu>li.sfHover>a .sf-sub-indicator [class^=""icon-""],body .sf-menu>li:hover>a .sf-sub-indicator [class^=""icon-""],body .sf-menu>li:hover>a,header#top nav ul #search-btn a:hover span,header#top nav ul .slide-out-widget-area-toggle a:hover span,#search-outer #search #close a span:hover{color:#fcb032!important}header#top nav ul .slide-out-widget-area-toggle a:hover i.lines,header#top nav ul .slide-out-widget-area-toggle a:hover i.lines:after,header#top nav ul .slide-out-widget-area-toggle a:hover i.lines:before{background-color:#fcb032!important}#header-outer[data-lhe=""animated_underline""] header#top nav>ul>li>a:after{border-color:#fcb032!important}#search-outer .ui-widget-content,header#top .sf-menu li ul li a,header#top nav>ul>li.megamenu>ul.sub-menu,body header#top nav>ul>li.megamenu>ul.sub-menu>li>a,#header-outer .widget_shopping_cart .cart_list a,#header-secondary-outer ul ul li a,#header-outer .widget_shopping_cart .cart_list li,.woocommerce .cart-notification,#header-outer .widget_shopping_cart_content{background-color:#005283!important}header#top .sf-menu li ul li a:hover,body header#top nav .sf-menu ul li.sfHover>a,header#top .sf-menu li ul li.current-menu-item>a,header#top .sf-menu li ul li.current-menu-ancestor>a,header#top nav>ul>li.megamenu>ul ul li a:hover,header#top nav>ul>li.megamenu>ul ul li.current-menu-item a,#header-secondary-outer ul ul li a:hover,body #header-secondary-outer .sf-menu ul li.sfHover>a,#header-outer .widget_shopping_cart .cart_list li:hover,#header-outer .widget_shopping_cart .cart_list li:hover a,#search-outer .ui-widget-content li:hover,.ui-state-hover,.ui-widget-content .ui-state-hover,.ui-widget-header .ui-state-hover,.ui-state-focus,.ui-widget-content .ui-state-focus,.ui-widget-header .ui-state-focus{background-color:#024167!important}#search-outer .ui-widget-content li a,#search-outer .ui-widget-content i,header#top .sf-menu li ul li a,body #header-outer .widget_shopping_cart .cart_list a,#header-secondary-outer ul ul li a,.woocommerce .cart-notification .item-name,.cart-outer .cart-notification,.sf-menu li ul .sf-sub-indicator [class^=""icon-""],.sf-menu li ul .sf-sub-indicator [class*="" icon-""],#header-outer .widget_shopping_cart .quantity{color:#CCCCCC!important}#search-outer .ui-widget-content li:hover a .title,#search-outer .ui-widget-content .ui-state-hover .title,#search-outer .ui-widget-content .ui-state-focus .title,#search-outer .ui-widget-content li:hover a,#search-outer .ui-widget-content li:hover i,#search-outer .ui-widget-content .ui-state-hover a,#search-outer .ui-widget-content .ui-state-focus a,#search-outer .ui-widget-content .ui-state-hover i,#search-outer .ui-widget-content .ui-state-focus i,#search-outer .ui-widget-content .ui-state-hover span,#search-outer .ui-widget-content .ui-state-focus span,body header#top nav .sf-menu ul li.sfHover>a,header#top nav>ul>li.megamenu>ul ul li.current-menu-item a,body #header-outer .widget_shopping_cart .cart_list li:hover a,#header-secondary-outer ul ul li:hover>a,body #header-secondary-outer ul ul li:hover>a i,body header#top nav .sf-menu ul li.sfHover>a .sf-sub-indicator i,#header-outer .widget_shopping_cart li:hover .quantity,body header#top nav .sf-menu ul li:hover>a .sf-sub-indicator i,body header#top nav .sf-menu ul li:hover>a,header#top nav>ul>li.megamenu>ul>li>a:hover,header#top nav>ul>li"
1,http://www.aloejaumave.com/contact.html,"// Redirect to phone/tablet as necessary
(function(a,b,c){var d=function(){if(navigator.maxTouchPoints>1)return!0;if(window.matchMedia&&window.matchMedia(""(-moz-touch-enabled)"").matches)return!0;for(var a=[""Webkit"",""Moz"",""O"",""ms"",""Khtml""],b=0,c=a.length;b<c;b++){var f=a[b]+""MaxTouchPoints"";if(f in navigator&&navigator[f])return!0}try{return document.createEvent(""TouchEvent""),!0}catch(d){}return!1}(),g=function(a){a+=""="";for(var b=document.cookie.split("";""),c=0;c<b.length;c++){for(var f=b[c];f.charAt(0)=="" "";)f=f.substring(1,f.length);if(f.indexOf(a)==
0)return f.substring(a.length,f.length)}return null};if(g(""inbrowserediting"")!=""true""){var f,g=g(""devicelock"");g==""phone""&&c?f=c:g==""tablet""&&b&&(f=b);if(g!=a&&!f)if(window.matchMedia)window.matchMedia(""(max-device-width: 415px)"").matches&&c?f=c:window.matchMedia(""(max-device-width: 960px)"").matches&&b&&d&&(f=b);else{var a=Math.min(screen.width,screen.height)/(window.devicePixelRatio||1),g=window.screen.systemXDPI||0,i=window.screen.systemYDPI||0,g=g>0&&i>0?Math.min(screen.width/g,screen.height/i):
0;(a<=370||g!=0&&g<=3)&&c?f=c:a<=960&&b&&d&&(f=b)}if(f)document.location=f+(document.location.search||"""")+(document.location.hash||""""),document.write('<style type=""text/css"">body {visibility:hidden}</style>')}})(""desktop"","""",""phone/contact.html"");

// Update the 'nojs'/'js' class on the html node
document.documentElement.className = document.documentElement.className.replace(/\bnojs\b/g, 'js');

// Check that all required assets are uploaded and up-to-date
if(typeof Muse == ""undefined"") window.Muse = {}; window.Muse.assets = {""required"":[""jquery-1.8.3.min.js"", ""museutils.js"", ""museconfig.js"", ""webpro.js"", ""jquery.musepolyfill.bgsize.js"", ""jquery.watch.js"", ""require.js"", ""jquery.scrolleffects.js"", ""contact.css""], ""outOfDate"":[]};



CONTACT






   document.write('\x3Cscript src=""' + (document.location.protocol == 'https:' ? 'https:' : 'http:') + '//use.typekit.net/ik/rMyxsAcEkamnqCI_OKfoumBtpCuy7HgL4TE9Tzf1AdSfeTSffFDvGbIPH2JhFQwa52yLjQSUwcjDZQIUweIkFDShFeB8FeIUZ2M3wDm8ZQ6U5QJ-03I7OcBCdhm7jWmljWZ8OcFzdPUydeN8-cBudABhZPoRdhXC-AoKScNaShmkZAsTie80ZkoyZeNKZPoRdhXC-AoKScNaShmkZAsTie80ZkoliWF8SY48ScmCZABDZPoRdhXCiaiaOcBCdhm7jWmljWZ8OcFzdPUaiaS0-AoKScNaShmkZAsTie80ZkoyZeNKZPoRdhXCiaiaOc80j14ziaF8Scmq-WsTdcS0dWmDZWgkZW48demySh90jhNlJ6mydeU8SKG4fHmwIMMjgkMfH6qJGX3bMg6IJM4HgIuuShAbMdnXvCMB.js"" type=""text/javascript"">\x3C/script>');



   try {Typekit.load();} catch(e) {}










CONTACT













HOME


ORGANIC


CONTACT


BROCHURE









Name:

Enter your name



Email:

Enter email



Enviando formulario...




El servidor ha detectado un error.




Thank you for your message!
We will contact you soon!
 





Message:

Write your message





LOCATION










ALOE JAUMAVE S.A DE C.V
 
MÉNDEZ 501, ZONA CENTRO,  JAUMAVE TAMAULIPAS, MÉXICO, C.P 87930
+52 (832) 336 0099  info@aloejaumave.com

















   window.Muse.assets.check=function(d){if(!window.Muse.assets.checked){window.Muse.assets.checked=!0;var b={},c=function(a,b){if(window.getComputedStyle){var c=window.getComputedStyle(a,null);return c&&c.getPropertyValue(b)||c&&c[b]||""""}if(document.documentElement.currentStyle)return(c=a.currentStyle)&&c[b]||a.style&&a.style[b]||"""";return""""},a=function(a){if(a.match(/^rgb/))return a=a.replace(/\s+/g,"""").match(/([\d\,]+)/gi)[0].split("",""),(parseInt(a[0])<<16)+(parseInt(a[1])<<8)+parseInt(a[2]);if(a.match(/^\#/))return parseInt(a.substr(1),
16);return 0},g=function(g){for(var f=document.getElementsByTagName(""link""),i=0;i<f.length;i++)if(""text/css""==f[i].type){var h=(f[i].href||"""").match(/\/?css\/([\w\-]+\.css)\?crc=(\d+)/);if(!h||!h[1]||!h[2])break;b[h[1]]=h[2]}f=document.createElement(""div"");f.className=""version"";f.style.cssText=""display:none; width:1px; height:1px;"";document.getElementsByTagName(""body"")[0].appendChild(f);for(i=0;i<Muse.assets.required.length;){var h=Muse.assets.required[i],l=h.match(/([\w\-\.]+)\.(\w+)$/),k=l&&l[1]?
l[1]:null,l=l&&l[2]?l[2]:null;switch(l.toLowerCase()){case ""css"":k=k.replace(/\W/gi,""_"").replace(/^([^a-z])/gi,""_$1"");f.className+="" ""+k;k=a(c(f,""color""));l=a(c(f,""backgroundColor""));k!=0||l!=0?(Muse.assets.required.splice(i,1),""undefined""!=typeof b[h]&&(k!=b[h]>>>24||l!=(b[h]&16777215))&&Muse.assets.outOfDate.push(h)):i++;f.className=""version"";break;case ""js"":k.match(/^jquery-[\d\.]+/gi)&&d&&d().jquery==""1.8.3""?Muse.assets.required.splice(i,1):i++;break;default:throw Error(""Unsupported file type: ""+
l);}}f.parentNode.removeChild(f);if(Muse.assets.outOfDate.length||Muse.assets.required.length)f=""Puede que determinados archivos falten en el servidor o sean incorrectos. Limpie la cache del navegador e inténtelo de nuevo. Si el problema persiste, póngase en contacto con el administrador del sitio web."",g&&Muse.assets.outOfDate.length&&(f+=""\nOut of date: ""+Muse.assets.outOfDate.join("","")),g&&Muse.assets.required.length&&(f+=""\nMissing: ""+Muse.assets.required.join("","")),alert(f)};location&&location.search&&location.search.match&&location.search.match(/muse_debug/gi)?setTimeout(function(){g(!0)},5E3):g()}};
var muse_init=function(){require.config({baseUrl:""""});require([""jquery"",""museutils"",""whatinput"",""jquery.musepolyfill.bgsize"",""jquery.watch"",""webpro"",""jquery.scrolleffects""],function(d){var $ = d;$(document).ready(function(){try{
window.Muse.assets.check($);/* body */
Muse.Utils.transformMarkupToFixBrowserProblemsPreInit();/* body */
Muse.Utils.prepHyperlinks(true);/* body */
Muse.Utils.resizeHeight('.browser_width');/* resize height */
Muse.Utils.requestAnimationFrame(function() { $('body').addClass('initialized'); });/* mark body as initialized */
Muse.Utils.fullPage('#page');/* 100% height page */
Muse.Utils.initWidget('#widgetu815', ['#bp_infinity'], function(elem) { return new WebPro.Widget.Form(elem, {validationEvent:'submit',errorStateSensitivity:'high',fieldWrapperClass:'fld-grp',formSubmittedClass:'frm-sub-st',formErrorClass:'frm-subm-err-st',formDeliveredClass:'frm-subm-ok-st',notEmptyClass:'non-empty-st',focusClass:'focus-st',invalidClass:'fld-err-st',requiredClass:'fld-err-st',ajaxSubmit:true}); });/* #widgetu815 */
$('#u458').registerBackgroundPositionScrollEffect([{""speed"":[0,0],""in"":[-Infinity,-100.05]},{""speed"":[0,0],""in"":[-100.05,Infinity]}]);/* scroll effect */
Muse.Utils.showWidgetsWhenReady();/* body */
Muse.Utils.transformMarkupToFixBrowserProblems();/* body */
}catch(b){if(b&&""function""==typeof b.notify?b.notify():Muse.Assert.fail(""Error calling selector function: ""+b),false)throw b;}})})};"
