,Exhibitor Name,Exhibitor Url,Exhibitor Location
0,Ace Biotechnology,http://www.auropure.com,"Zhuzhou, China"
1,"Acerblend Ingredients Co.,Ltd",,"Wuxi, China"
2,Aceto Gmbh,http://www.aceto.com,"Hamburg, Germany"
3,Acora Ug,,Germany
4,Act Gmbh,http://www.act.de,"Hamburg, Germany"
5,Actif'S Magazine,,France
6,Activ'Inside,http://www.activinside.com,France
7,Adm,http://www.adm.com,"Rolle, Switzerland"
8,Advanced Enzyme Technologies Ltd,http://www.advancedenzymes.com,"Thane, Australia"
9,Advanced Organic Materials Sa,http://www.aomsa.com.ar,Argentina
10,Advanced Protein Technologies Corp.,http://www.aptech.biz,South Korea
11,Agrana Beteiligungs-Ag,http://www.agrana.com,Austria
12,Agri-Mark Dairy Proteins,http://www.agrimarkwheyproteins.com,"Onalaska, USA"
13,Agro Food Industry Hi Tech/Tks Publisher,http://www.chemistry-today.com,"Milan, Italy"
14,Agro Industrias Osho S.A.C.,http://www.agroindustriasosho.com,"Callao, Peru"
15,Agroleader Llc,http://www.fruit-world.net,Ukraine
16,Agropur,http://www.agropuringredients.com,"Eden Prairie, USA"
17,Agt Foods,http://www.saskcan.com,"Regina, Canada"
18,Aiya Europe,http://www.aiya-europe.com,"Hamburg, Germany"
19,Aker Biomarine,http://www.akerbiomarine.com,Norway
20,Alaskomega,http://www.alaskomega.com,"Coshocton, USA"
21,Algamo Czech Republic,http://www.algamo.cz,"Prague, Czech Republic"
22,Algarrobos Organicos Del Peru Sac,,"Lima, Peru"
23,Algry Quimica,http://www.algry.com,"Madrid, Spain"
24,All Organic Treasures Gmbh,http://www.aot.de,Germany
25,Alland & Robert,http://www.allandetrobert.fr,"Paris, France"
26,Allmicroalgae - Natural Products S.A.,http://www.allmicroalgae.com,"Lisbon, Portugal"
27,Aloe Jaumave S.A. De C.V.,http://www.aloejaumave.com,USA
28,Aloja Starkelsen Sia,http://www.culinar.lv,Canada
29,Alsec Alimentos Secos S.A.S,http://www.alseccorp.com,"Antioquia, Colombia"
30,Ambrosus,http://www.ambrosus.com,"Zug, Switzerland"
31,"Ametis, Ltd.",,Russia
32,Anabela Foods,http://www.anabelafoods.de,"Hamburg, Germany"
33,Analyze & Realize Gmbh,http://www.a-r.ag,"Berlin, Germany"
34,Andean Grain Products,http://www.andreangrain.com,"London, Canada"
35,Andritz Separation,http://www.andritz.com,Netherlands
36,"Anhui Jinhe Industrial Co., Ltd",http://www.lajingda.com,China
37,"Anhui Tiger Biotech Co.,Ltd",,"Bengbu, China"
38,Anklam Extrakt Gmbh,http://www.anklam-extrakt.com,Germany
39,Apollo Ingredients India Pvt Ltd,http://www.ocimum.in,"Palghar, India"
40,Aquapharm Health & Nutrition Gmbh,http://www.aquapharm.de,Germany
41,Arisi Giacomo E Figli S.R.L.,http://www.arisigiacomo.com,Italy
42,Arjuna Natural Extracts Ltd.,http://www.arjunanatural.com,
43,Arla Foods Ingredients,http://www.arlafoodsingredients.com,Denmark
44,Armfield Limited,http://www.explorearmfield.com,"Ringwood, Australia"
45,Arshine Pharmaceutical Co.Ltd,http://www.arshine.com.cn,"Changsha, China"
46,Aryballe,http://www.aryballe-technologies.com,France
47,Astareal Ab,http://www.astareal.se,"Nacka, Sweden"
48,Atlantia Food Clinical Trials,http://www.atlantiafoodcro.com,"Blackpool, UK"
49,Aureli Mario,http://www.aurelimario.com,Italy
50,Avebe,http://www.avebe.com,"Veendam, Netherlands"
51,Balchem,,"New Hampton, USA"
52,"Baoji Oasier Bio-Tech Co., Ltd.",,USA
53,Baolingbao Biology Co. Ltd,http://www.blb-cn.com,China
54,Basic Nutrition Co. Ltd,http://www.basicnutrition.com.cn,"Shanghai, China"
55,Beehive,http://www.beehive.ua,Ukraine
56,Behrbonn,http://www.behrbonn.de/,Germany
57,Beijing Jinkangpu Food Science & Technol,,"Beijing, China"
58,"Beijing Yigeda Bio-Technology Co., Ltd.",http://www.yigeda.com,"Beijing, China"
59,Belgium Wallonia Export-Investment Agency,http://www.awex-export.be,"Brussels, Belgium"
